"Layer 0: model.image_newline, Size: torch.Size([5120])"
"Layer 1: model.embed_tokens.weight, Size: torch.Size([32000, 5120])"
"Layer 2: model.layers.0.self_attn.q_proj.weight, Size: torch.Size([5120, 5120])"
"Layer 3: model.layers.0.self_attn.k_proj.weight, Size: torch.Size([5120, 5120])"
"Layer 4: model.layers.0.self_attn.v_proj.weight, Size: torch.Size([5120, 5120])"
"Layer 5: model.layers.0.self_attn.o_proj.weight, Size: torch.Size([5120, 5120])"
"Layer 6: model.layers.0.mlp.gate_proj.weight, Size: torch.Size([13824, 5120])"
"Layer 7: model.layers.0.mlp.up_proj.weight, Size: torch.Size([13824, 5120])"
"Layer 8: model.layers.0.mlp.down_proj.weight, Size: torch.Size([5120, 13824])"
"Layer 9: model.layers.0.input_layernorm.weight, Size: torch.Size([5120])"
"Layer 10: model.layers.0.post_attention_layernorm.weight, Size: torch.Size([5120])"
"Layer 11: model.layers.1.self_attn.q_proj.weight, Size: torch.Size([5120, 5120])"
"Layer 12: model.layers.1.self_attn.k_proj.weight, Size: torch.Size([5120, 5120])"
"Layer 13: model.layers.1.self_attn.v_proj.weight, Size: torch.Size([5120, 5120])"
"Layer 14: model.layers.1.self_attn.o_proj.weight, Size: torch.Size([5120, 5120])"
"Layer 15: model.layers.1.mlp.gate_proj.weight, Size: torch.Size([13824, 5120])"
"Layer 16: model.layers.1.mlp.up_proj.weight, Size: torch.Size([13824, 5120])"
"Layer 17: model.layers.1.mlp.down_proj.weight, Size: torch.Size([5120, 13824])"
"Layer 18: model.layers.1.input_layernorm.weight, Size: torch.Size([5120])"
"Layer 19: model.layers.1.post_attention_layernorm.weight, Size: torch.Size([5120])"
"Layer 20: model.layers.2.self_attn.q_proj.weight, Size: torch.Size([5120, 5120])"
"Layer 21: model.layers.2.self_attn.k_proj.weight, Size: torch.Size([5120, 5120])"
"Layer 22: model.layers.2.self_attn.v_proj.weight, Size: torch.Size([5120, 5120])"
"Layer 23: model.layers.2.self_attn.o_proj.weight, Size: torch.Size([5120, 5120])"
"Layer 24: model.layers.2.mlp.gate_proj.weight, Size: torch.Size([13824, 5120])"
"Layer 25: model.layers.2.mlp.up_proj.weight, Size: torch.Size([13824, 5120])"
"Layer 26: model.layers.2.mlp.down_proj.weight, Size: torch.Size([5120, 13824])"
"Layer 27: model.layers.2.input_layernorm.weight, Size: torch.Size([5120])"
"Layer 28: model.layers.2.post_attention_layernorm.weight, Size: torch.Size([5120])"
"Layer 29: model.layers.3.self_attn.q_proj.weight, Size: torch.Size([5120, 5120])"
"Layer 30: model.layers.3.self_attn.k_proj.weight, Size: torch.Size([5120, 5120])"
"Layer 31: model.layers.3.self_attn.v_proj.weight, Size: torch.Size([5120, 5120])"
"Layer 32: model.layers.3.self_attn.o_proj.weight, Size: torch.Size([5120, 5120])"
"Layer 33: model.layers.3.mlp.gate_proj.weight, Size: torch.Size([13824, 5120])"
"Layer 34: model.layers.3.mlp.up_proj.weight, Size: torch.Size([13824, 5120])"
"Layer 35: model.layers.3.mlp.down_proj.weight, Size: torch.Size([5120, 13824])"
"Layer 36: model.layers.3.input_layernorm.weight, Size: torch.Size([5120])"
"Layer 37: model.layers.3.post_attention_layernorm.weight, Size: torch.Size([5120])"
"Layer 38: model.layers.4.self_attn.q_proj.weight, Size: torch.Size([5120, 5120])"
"Layer 39: model.layers.4.self_attn.k_proj.weight, Size: torch.Size([5120, 5120])"
"Layer 40: model.layers.4.self_attn.v_proj.weight, Size: torch.Size([5120, 5120])"
"Layer 41: model.layers.4.self_attn.o_proj.weight, Size: torch.Size([5120, 5120])"
"Layer 42: model.layers.4.mlp.gate_proj.weight, Size: torch.Size([13824, 5120])"
"Layer 43: model.layers.4.mlp.up_proj.weight, Size: torch.Size([13824, 5120])"
"Layer 44: model.layers.4.mlp.down_proj.weight, Size: torch.Size([5120, 13824])"
"Layer 45: model.layers.4.input_layernorm.weight, Size: torch.Size([5120])"
"Layer 46: model.layers.4.post_attention_layernorm.weight, Size: torch.Size([5120])"
"Layer 47: model.layers.5.self_attn.q_proj.weight, Size: torch.Size([5120, 5120])"
"Layer 48: model.layers.5.self_attn.k_proj.weight, Size: torch.Size([5120, 5120])"
"Layer 49: model.layers.5.self_attn.v_proj.weight, Size: torch.Size([5120, 5120])"
"Layer 50: model.layers.5.self_attn.o_proj.weight, Size: torch.Size([5120, 5120])"
"Layer 51: model.layers.5.mlp.gate_proj.weight, Size: torch.Size([13824, 5120])"
"Layer 52: model.layers.5.mlp.up_proj.weight, Size: torch.Size([13824, 5120])"
"Layer 53: model.layers.5.mlp.down_proj.weight, Size: torch.Size([5120, 13824])"
"Layer 54: model.layers.5.input_layernorm.weight, Size: torch.Size([5120])"
"Layer 55: model.layers.5.post_attention_layernorm.weight, Size: torch.Size([5120])"
"Layer 56: model.layers.6.self_attn.q_proj.weight, Size: torch.Size([5120, 5120])"
"Layer 57: model.layers.6.self_attn.k_proj.weight, Size: torch.Size([5120, 5120])"
"Layer 58: model.layers.6.self_attn.v_proj.weight, Size: torch.Size([5120, 5120])"
"Layer 59: model.layers.6.self_attn.o_proj.weight, Size: torch.Size([5120, 5120])"
"Layer 60: model.layers.6.mlp.gate_proj.weight, Size: torch.Size([13824, 5120])"
"Layer 61: model.layers.6.mlp.up_proj.weight, Size: torch.Size([13824, 5120])"
"Layer 62: model.layers.6.mlp.down_proj.weight, Size: torch.Size([5120, 13824])"
"Layer 63: model.layers.6.input_layernorm.weight, Size: torch.Size([5120])"
"Layer 64: model.layers.6.post_attention_layernorm.weight, Size: torch.Size([5120])"
"Layer 65: model.layers.7.self_attn.q_proj.weight, Size: torch.Size([5120, 5120])"
"Layer 66: model.layers.7.self_attn.k_proj.weight, Size: torch.Size([5120, 5120])"
"Layer 67: model.layers.7.self_attn.v_proj.weight, Size: torch.Size([5120, 5120])"
"Layer 68: model.layers.7.self_attn.o_proj.weight, Size: torch.Size([5120, 5120])"
"Layer 69: model.layers.7.mlp.gate_proj.weight, Size: torch.Size([13824, 5120])"
"Layer 70: model.layers.7.mlp.up_proj.weight, Size: torch.Size([13824, 5120])"
"Layer 71: model.layers.7.mlp.down_proj.weight, Size: torch.Size([5120, 13824])"
"Layer 72: model.layers.7.input_layernorm.weight, Size: torch.Size([5120])"
"Layer 73: model.layers.7.post_attention_layernorm.weight, Size: torch.Size([5120])"
"Layer 74: model.layers.8.self_attn.q_proj.weight, Size: torch.Size([5120, 5120])"
"Layer 75: model.layers.8.self_attn.k_proj.weight, Size: torch.Size([5120, 5120])"
"Layer 76: model.layers.8.self_attn.v_proj.weight, Size: torch.Size([5120, 5120])"
"Layer 77: model.layers.8.self_attn.o_proj.weight, Size: torch.Size([5120, 5120])"
"Layer 78: model.layers.8.mlp.gate_proj.weight, Size: torch.Size([13824, 5120])"
"Layer 79: model.layers.8.mlp.up_proj.weight, Size: torch.Size([13824, 5120])"
"Layer 80: model.layers.8.mlp.down_proj.weight, Size: torch.Size([5120, 13824])"
"Layer 81: model.layers.8.input_layernorm.weight, Size: torch.Size([5120])"
"Layer 82: model.layers.8.post_attention_layernorm.weight, Size: torch.Size([5120])"
"Layer 83: model.layers.9.self_attn.q_proj.weight, Size: torch.Size([5120, 5120])"
"Layer 84: model.layers.9.self_attn.k_proj.weight, Size: torch.Size([5120, 5120])"
"Layer 85: model.layers.9.self_attn.v_proj.weight, Size: torch.Size([5120, 5120])"
"Layer 86: model.layers.9.self_attn.o_proj.weight, Size: torch.Size([5120, 5120])"
"Layer 87: model.layers.9.mlp.gate_proj.weight, Size: torch.Size([13824, 5120])"
"Layer 88: model.layers.9.mlp.up_proj.weight, Size: torch.Size([13824, 5120])"
"Layer 89: model.layers.9.mlp.down_proj.weight, Size: torch.Size([5120, 13824])"
"Layer 90: model.layers.9.input_layernorm.weight, Size: torch.Size([5120])"
"Layer 91: model.layers.9.post_attention_layernorm.weight, Size: torch.Size([5120])"
"Layer 92: model.layers.10.self_attn.q_proj.weight, Size: torch.Size([5120, 5120])"
"Layer 93: model.layers.10.self_attn.k_proj.weight, Size: torch.Size([5120, 5120])"
"Layer 94: model.layers.10.self_attn.v_proj.weight, Size: torch.Size([5120, 5120])"
"Layer 95: model.layers.10.self_attn.o_proj.weight, Size: torch.Size([5120, 5120])"
"Layer 96: model.layers.10.mlp.gate_proj.weight, Size: torch.Size([13824, 5120])"
"Layer 97: model.layers.10.mlp.up_proj.weight, Size: torch.Size([13824, 5120])"
"Layer 98: model.layers.10.mlp.down_proj.weight, Size: torch.Size([5120, 13824])"
"Layer 99: model.layers.10.input_layernorm.weight, Size: torch.Size([5120])"
"Layer 100: model.layers.10.post_attention_layernorm.weight, Size: torch.Size([5120])"
"Layer 101: model.layers.11.self_attn.q_proj.weight, Size: torch.Size([5120, 5120])"
"Layer 102: model.layers.11.self_attn.k_proj.weight, Size: torch.Size([5120, 5120])"
"Layer 103: model.layers.11.self_attn.v_proj.weight, Size: torch.Size([5120, 5120])"
"Layer 104: model.layers.11.self_attn.o_proj.weight, Size: torch.Size([5120, 5120])"
"Layer 105: model.layers.11.mlp.gate_proj.weight, Size: torch.Size([13824, 5120])"
"Layer 106: model.layers.11.mlp.up_proj.weight, Size: torch.Size([13824, 5120])"
"Layer 107: model.layers.11.mlp.down_proj.weight, Size: torch.Size([5120, 13824])"
"Layer 108: model.layers.11.input_layernorm.weight, Size: torch.Size([5120])"
"Layer 109: model.layers.11.post_attention_layernorm.weight, Size: torch.Size([5120])"
"Layer 110: model.layers.12.self_attn.q_proj.weight, Size: torch.Size([5120, 5120])"
"Layer 111: model.layers.12.self_attn.k_proj.weight, Size: torch.Size([5120, 5120])"
"Layer 112: model.layers.12.self_attn.v_proj.weight, Size: torch.Size([5120, 5120])"
"Layer 113: model.layers.12.self_attn.o_proj.weight, Size: torch.Size([5120, 5120])"
"Layer 114: model.layers.12.mlp.gate_proj.weight, Size: torch.Size([13824, 5120])"
"Layer 115: model.layers.12.mlp.up_proj.weight, Size: torch.Size([13824, 5120])"
"Layer 116: model.layers.12.mlp.down_proj.weight, Size: torch.Size([5120, 13824])"
"Layer 117: model.layers.12.input_layernorm.weight, Size: torch.Size([5120])"
"Layer 118: model.layers.12.post_attention_layernorm.weight, Size: torch.Size([5120])"
"Layer 119: model.layers.13.self_attn.q_proj.weight, Size: torch.Size([5120, 5120])"
"Layer 120: model.layers.13.self_attn.k_proj.weight, Size: torch.Size([5120, 5120])"
"Layer 121: model.layers.13.self_attn.v_proj.weight, Size: torch.Size([5120, 5120])"
"Layer 122: model.layers.13.self_attn.o_proj.weight, Size: torch.Size([5120, 5120])"
"Layer 123: model.layers.13.mlp.gate_proj.weight, Size: torch.Size([13824, 5120])"
"Layer 124: model.layers.13.mlp.up_proj.weight, Size: torch.Size([13824, 5120])"
"Layer 125: model.layers.13.mlp.down_proj.weight, Size: torch.Size([5120, 13824])"
"Layer 126: model.layers.13.input_layernorm.weight, Size: torch.Size([5120])"
"Layer 127: model.layers.13.post_attention_layernorm.weight, Size: torch.Size([5120])"
"Layer 128: model.layers.14.self_attn.q_proj.weight, Size: torch.Size([5120, 5120])"
"Layer 129: model.layers.14.self_attn.k_proj.weight, Size: torch.Size([5120, 5120])"
"Layer 130: model.layers.14.self_attn.v_proj.weight, Size: torch.Size([5120, 5120])"
"Layer 131: model.layers.14.self_attn.o_proj.weight, Size: torch.Size([5120, 5120])"
"Layer 132: model.layers.14.mlp.gate_proj.weight, Size: torch.Size([13824, 5120])"
"Layer 133: model.layers.14.mlp.up_proj.weight, Size: torch.Size([13824, 5120])"
"Layer 134: model.layers.14.mlp.down_proj.weight, Size: torch.Size([5120, 13824])"
"Layer 135: model.layers.14.input_layernorm.weight, Size: torch.Size([5120])"
"Layer 136: model.layers.14.post_attention_layernorm.weight, Size: torch.Size([5120])"
"Layer 137: model.layers.15.self_attn.q_proj.weight, Size: torch.Size([5120, 5120])"
"Layer 138: model.layers.15.self_attn.k_proj.weight, Size: torch.Size([5120, 5120])"
"Layer 139: model.layers.15.self_attn.v_proj.weight, Size: torch.Size([5120, 5120])"
"Layer 140: model.layers.15.self_attn.o_proj.weight, Size: torch.Size([5120, 5120])"
"Layer 141: model.layers.15.mlp.gate_proj.weight, Size: torch.Size([13824, 5120])"
"Layer 142: model.layers.15.mlp.up_proj.weight, Size: torch.Size([13824, 5120])"
"Layer 143: model.layers.15.mlp.down_proj.weight, Size: torch.Size([5120, 13824])"
"Layer 144: model.layers.15.input_layernorm.weight, Size: torch.Size([5120])"
"Layer 145: model.layers.15.post_attention_layernorm.weight, Size: torch.Size([5120])"
"Layer 146: model.layers.16.self_attn.q_proj.weight, Size: torch.Size([5120, 5120])"
"Layer 147: model.layers.16.self_attn.k_proj.weight, Size: torch.Size([5120, 5120])"
"Layer 148: model.layers.16.self_attn.v_proj.weight, Size: torch.Size([5120, 5120])"
"Layer 149: model.layers.16.self_attn.o_proj.weight, Size: torch.Size([5120, 5120])"
"Layer 150: model.layers.16.mlp.gate_proj.weight, Size: torch.Size([13824, 5120])"
"Layer 151: model.layers.16.mlp.up_proj.weight, Size: torch.Size([13824, 5120])"
"Layer 152: model.layers.16.mlp.down_proj.weight, Size: torch.Size([5120, 13824])"
"Layer 153: model.layers.16.input_layernorm.weight, Size: torch.Size([5120])"
"Layer 154: model.layers.16.post_attention_layernorm.weight, Size: torch.Size([5120])"
"Layer 155: model.layers.17.self_attn.q_proj.weight, Size: torch.Size([5120, 5120])"
"Layer 156: model.layers.17.self_attn.k_proj.weight, Size: torch.Size([5120, 5120])"
"Layer 157: model.layers.17.self_attn.v_proj.weight, Size: torch.Size([5120, 5120])"
"Layer 158: model.layers.17.self_attn.o_proj.weight, Size: torch.Size([5120, 5120])"
"Layer 159: model.layers.17.mlp.gate_proj.weight, Size: torch.Size([13824, 5120])"
"Layer 160: model.layers.17.mlp.up_proj.weight, Size: torch.Size([13824, 5120])"
"Layer 161: model.layers.17.mlp.down_proj.weight, Size: torch.Size([5120, 13824])"
"Layer 162: model.layers.17.input_layernorm.weight, Size: torch.Size([5120])"
"Layer 163: model.layers.17.post_attention_layernorm.weight, Size: torch.Size([5120])"
"Layer 164: model.layers.18.self_attn.q_proj.weight, Size: torch.Size([5120, 5120])"
"Layer 165: model.layers.18.self_attn.k_proj.weight, Size: torch.Size([5120, 5120])"
"Layer 166: model.layers.18.self_attn.v_proj.weight, Size: torch.Size([5120, 5120])"
"Layer 167: model.layers.18.self_attn.o_proj.weight, Size: torch.Size([5120, 5120])"
"Layer 168: model.layers.18.mlp.gate_proj.weight, Size: torch.Size([13824, 5120])"
"Layer 169: model.layers.18.mlp.up_proj.weight, Size: torch.Size([13824, 5120])"
"Layer 170: model.layers.18.mlp.down_proj.weight, Size: torch.Size([5120, 13824])"
"Layer 171: model.layers.18.input_layernorm.weight, Size: torch.Size([5120])"
"Layer 172: model.layers.18.post_attention_layernorm.weight, Size: torch.Size([5120])"
"Layer 173: model.layers.19.self_attn.q_proj.weight, Size: torch.Size([5120, 5120])"
"Layer 174: model.layers.19.self_attn.k_proj.weight, Size: torch.Size([5120, 5120])"
"Layer 175: model.layers.19.self_attn.v_proj.weight, Size: torch.Size([5120, 5120])"
"Layer 176: model.layers.19.self_attn.o_proj.weight, Size: torch.Size([5120, 5120])"
"Layer 177: model.layers.19.mlp.gate_proj.weight, Size: torch.Size([13824, 5120])"
"Layer 178: model.layers.19.mlp.up_proj.weight, Size: torch.Size([13824, 5120])"
"Layer 179: model.layers.19.mlp.down_proj.weight, Size: torch.Size([5120, 13824])"
"Layer 180: model.layers.19.input_layernorm.weight, Size: torch.Size([5120])"
"Layer 181: model.layers.19.post_attention_layernorm.weight, Size: torch.Size([5120])"
"Layer 182: model.layers.20.self_attn.q_proj.weight, Size: torch.Size([5120, 5120])"
"Layer 183: model.layers.20.self_attn.k_proj.weight, Size: torch.Size([5120, 5120])"
"Layer 184: model.layers.20.self_attn.v_proj.weight, Size: torch.Size([5120, 5120])"
"Layer 185: model.layers.20.self_attn.o_proj.weight, Size: torch.Size([5120, 5120])"
"Layer 186: model.layers.20.mlp.gate_proj.weight, Size: torch.Size([13824, 5120])"
"Layer 187: model.layers.20.mlp.up_proj.weight, Size: torch.Size([13824, 5120])"
"Layer 188: model.layers.20.mlp.down_proj.weight, Size: torch.Size([5120, 13824])"
"Layer 189: model.layers.20.input_layernorm.weight, Size: torch.Size([5120])"
"Layer 190: model.layers.20.post_attention_layernorm.weight, Size: torch.Size([5120])"
"Layer 191: model.layers.21.self_attn.q_proj.weight, Size: torch.Size([5120, 5120])"
"Layer 192: model.layers.21.self_attn.k_proj.weight, Size: torch.Size([5120, 5120])"
"Layer 193: model.layers.21.self_attn.v_proj.weight, Size: torch.Size([5120, 5120])"
"Layer 194: model.layers.21.self_attn.o_proj.weight, Size: torch.Size([5120, 5120])"
"Layer 195: model.layers.21.mlp.gate_proj.weight, Size: torch.Size([13824, 5120])"
"Layer 196: model.layers.21.mlp.up_proj.weight, Size: torch.Size([13824, 5120])"
"Layer 197: model.layers.21.mlp.down_proj.weight, Size: torch.Size([5120, 13824])"
"Layer 198: model.layers.21.input_layernorm.weight, Size: torch.Size([5120])"
"Layer 199: model.layers.21.post_attention_layernorm.weight, Size: torch.Size([5120])"
"Layer 200: model.layers.22.self_attn.q_proj.weight, Size: torch.Size([5120, 5120])"
"Layer 201: model.layers.22.self_attn.k_proj.weight, Size: torch.Size([5120, 5120])"
"Layer 202: model.layers.22.self_attn.v_proj.weight, Size: torch.Size([5120, 5120])"
"Layer 203: model.layers.22.self_attn.o_proj.weight, Size: torch.Size([5120, 5120])"
"Layer 204: model.layers.22.mlp.gate_proj.weight, Size: torch.Size([13824, 5120])"
"Layer 205: model.layers.22.mlp.up_proj.weight, Size: torch.Size([13824, 5120])"
"Layer 206: model.layers.22.mlp.down_proj.weight, Size: torch.Size([5120, 13824])"
"Layer 207: model.layers.22.input_layernorm.weight, Size: torch.Size([5120])"
"Layer 208: model.layers.22.post_attention_layernorm.weight, Size: torch.Size([5120])"
"Layer 209: model.layers.23.self_attn.q_proj.weight, Size: torch.Size([5120, 5120])"
"Layer 210: model.layers.23.self_attn.k_proj.weight, Size: torch.Size([5120, 5120])"
"Layer 211: model.layers.23.self_attn.v_proj.weight, Size: torch.Size([5120, 5120])"
"Layer 212: model.layers.23.self_attn.o_proj.weight, Size: torch.Size([5120, 5120])"
"Layer 213: model.layers.23.mlp.gate_proj.weight, Size: torch.Size([13824, 5120])"
"Layer 214: model.layers.23.mlp.up_proj.weight, Size: torch.Size([13824, 5120])"
"Layer 215: model.layers.23.mlp.down_proj.weight, Size: torch.Size([5120, 13824])"
"Layer 216: model.layers.23.input_layernorm.weight, Size: torch.Size([5120])"
"Layer 217: model.layers.23.post_attention_layernorm.weight, Size: torch.Size([5120])"
"Layer 218: model.layers.24.self_attn.q_proj.weight, Size: torch.Size([5120, 5120])"
"Layer 219: model.layers.24.self_attn.k_proj.weight, Size: torch.Size([5120, 5120])"
"Layer 220: model.layers.24.self_attn.v_proj.weight, Size: torch.Size([5120, 5120])"
"Layer 221: model.layers.24.self_attn.o_proj.weight, Size: torch.Size([5120, 5120])"
"Layer 222: model.layers.24.mlp.gate_proj.weight, Size: torch.Size([13824, 5120])"
"Layer 223: model.layers.24.mlp.up_proj.weight, Size: torch.Size([13824, 5120])"
"Layer 224: model.layers.24.mlp.down_proj.weight, Size: torch.Size([5120, 13824])"
"Layer 225: model.layers.24.input_layernorm.weight, Size: torch.Size([5120])"
"Layer 226: model.layers.24.post_attention_layernorm.weight, Size: torch.Size([5120])"
"Layer 227: model.layers.25.self_attn.q_proj.weight, Size: torch.Size([5120, 5120])"
"Layer 228: model.layers.25.self_attn.k_proj.weight, Size: torch.Size([5120, 5120])"
"Layer 229: model.layers.25.self_attn.v_proj.weight, Size: torch.Size([5120, 5120])"
"Layer 230: model.layers.25.self_attn.o_proj.weight, Size: torch.Size([5120, 5120])"
"Layer 231: model.layers.25.mlp.gate_proj.weight, Size: torch.Size([13824, 5120])"
"Layer 232: model.layers.25.mlp.up_proj.weight, Size: torch.Size([13824, 5120])"
"Layer 233: model.layers.25.mlp.down_proj.weight, Size: torch.Size([5120, 13824])"
"Layer 234: model.layers.25.input_layernorm.weight, Size: torch.Size([5120])"
"Layer 235: model.layers.25.post_attention_layernorm.weight, Size: torch.Size([5120])"
"Layer 236: model.layers.26.self_attn.q_proj.weight, Size: torch.Size([5120, 5120])"
"Layer 237: model.layers.26.self_attn.k_proj.weight, Size: torch.Size([5120, 5120])"
"Layer 238: model.layers.26.self_attn.v_proj.weight, Size: torch.Size([5120, 5120])"
"Layer 239: model.layers.26.self_attn.o_proj.weight, Size: torch.Size([5120, 5120])"
"Layer 240: model.layers.26.mlp.gate_proj.weight, Size: torch.Size([13824, 5120])"
"Layer 241: model.layers.26.mlp.up_proj.weight, Size: torch.Size([13824, 5120])"
"Layer 242: model.layers.26.mlp.down_proj.weight, Size: torch.Size([5120, 13824])"
"Layer 243: model.layers.26.input_layernorm.weight, Size: torch.Size([5120])"
"Layer 244: model.layers.26.post_attention_layernorm.weight, Size: torch.Size([5120])"
"Layer 245: model.layers.27.self_attn.q_proj.weight, Size: torch.Size([5120, 5120])"
"Layer 246: model.layers.27.self_attn.k_proj.weight, Size: torch.Size([5120, 5120])"
"Layer 247: model.layers.27.self_attn.v_proj.weight, Size: torch.Size([5120, 5120])"
"Layer 248: model.layers.27.self_attn.o_proj.weight, Size: torch.Size([5120, 5120])"
"Layer 249: model.layers.27.mlp.gate_proj.weight, Size: torch.Size([13824, 5120])"
"Layer 250: model.layers.27.mlp.up_proj.weight, Size: torch.Size([13824, 5120])"
"Layer 251: model.layers.27.mlp.down_proj.weight, Size: torch.Size([5120, 13824])"
"Layer 252: model.layers.27.input_layernorm.weight, Size: torch.Size([5120])"
"Layer 253: model.layers.27.post_attention_layernorm.weight, Size: torch.Size([5120])"
"Layer 254: model.layers.28.self_attn.q_proj.weight, Size: torch.Size([5120, 5120])"
"Layer 255: model.layers.28.self_attn.k_proj.weight, Size: torch.Size([5120, 5120])"
"Layer 256: model.layers.28.self_attn.v_proj.weight, Size: torch.Size([5120, 5120])"
"Layer 257: model.layers.28.self_attn.o_proj.weight, Size: torch.Size([5120, 5120])"
"Layer 258: model.layers.28.mlp.gate_proj.weight, Size: torch.Size([13824, 5120])"
"Layer 259: model.layers.28.mlp.up_proj.weight, Size: torch.Size([13824, 5120])"
"Layer 260: model.layers.28.mlp.down_proj.weight, Size: torch.Size([5120, 13824])"
"Layer 261: model.layers.28.input_layernorm.weight, Size: torch.Size([5120])"
"Layer 262: model.layers.28.post_attention_layernorm.weight, Size: torch.Size([5120])"
"Layer 263: model.layers.29.self_attn.q_proj.weight, Size: torch.Size([5120, 5120])"
"Layer 264: model.layers.29.self_attn.k_proj.weight, Size: torch.Size([5120, 5120])"
"Layer 265: model.layers.29.self_attn.v_proj.weight, Size: torch.Size([5120, 5120])"
"Layer 266: model.layers.29.self_attn.o_proj.weight, Size: torch.Size([5120, 5120])"
"Layer 267: model.layers.29.mlp.gate_proj.weight, Size: torch.Size([13824, 5120])"
"Layer 268: model.layers.29.mlp.up_proj.weight, Size: torch.Size([13824, 5120])"
"Layer 269: model.layers.29.mlp.down_proj.weight, Size: torch.Size([5120, 13824])"
"Layer 270: model.layers.29.input_layernorm.weight, Size: torch.Size([5120])"
"Layer 271: model.layers.29.post_attention_layernorm.weight, Size: torch.Size([5120])"
"Layer 272: model.layers.30.self_attn.q_proj.weight, Size: torch.Size([5120, 5120])"
"Layer 273: model.layers.30.self_attn.k_proj.weight, Size: torch.Size([5120, 5120])"
"Layer 274: model.layers.30.self_attn.v_proj.weight, Size: torch.Size([5120, 5120])"
"Layer 275: model.layers.30.self_attn.o_proj.weight, Size: torch.Size([5120, 5120])"
"Layer 276: model.layers.30.mlp.gate_proj.weight, Size: torch.Size([13824, 5120])"
"Layer 277: model.layers.30.mlp.up_proj.weight, Size: torch.Size([13824, 5120])"
"Layer 278: model.layers.30.mlp.down_proj.weight, Size: torch.Size([5120, 13824])"
"Layer 279: model.layers.30.input_layernorm.weight, Size: torch.Size([5120])"
"Layer 280: model.layers.30.post_attention_layernorm.weight, Size: torch.Size([5120])"
"Layer 281: model.layers.31.self_attn.q_proj.weight, Size: torch.Size([5120, 5120])"
"Layer 282: model.layers.31.self_attn.k_proj.weight, Size: torch.Size([5120, 5120])"
"Layer 283: model.layers.31.self_attn.v_proj.weight, Size: torch.Size([5120, 5120])"
"Layer 284: model.layers.31.self_attn.o_proj.weight, Size: torch.Size([5120, 5120])"
"Layer 285: model.layers.31.mlp.gate_proj.weight, Size: torch.Size([13824, 5120])"
"Layer 286: model.layers.31.mlp.up_proj.weight, Size: torch.Size([13824, 5120])"
"Layer 287: model.layers.31.mlp.down_proj.weight, Size: torch.Size([5120, 13824])"
"Layer 288: model.layers.31.input_layernorm.weight, Size: torch.Size([5120])"
"Layer 289: model.layers.31.post_attention_layernorm.weight, Size: torch.Size([5120])"
"Layer 290: model.layers.32.self_attn.q_proj.weight, Size: torch.Size([5120, 5120])"
"Layer 291: model.layers.32.self_attn.k_proj.weight, Size: torch.Size([5120, 5120])"
"Layer 292: model.layers.32.self_attn.v_proj.weight, Size: torch.Size([5120, 5120])"
"Layer 293: model.layers.32.self_attn.o_proj.weight, Size: torch.Size([5120, 5120])"
"Layer 294: model.layers.32.mlp.gate_proj.weight, Size: torch.Size([13824, 5120])"
"Layer 295: model.layers.32.mlp.up_proj.weight, Size: torch.Size([13824, 5120])"
"Layer 296: model.layers.32.mlp.down_proj.weight, Size: torch.Size([5120, 13824])"
"Layer 297: model.layers.32.input_layernorm.weight, Size: torch.Size([5120])"
"Layer 298: model.layers.32.post_attention_layernorm.weight, Size: torch.Size([5120])"
"Layer 299: model.layers.33.self_attn.q_proj.weight, Size: torch.Size([5120, 5120])"
"Layer 300: model.layers.33.self_attn.k_proj.weight, Size: torch.Size([5120, 5120])"
"Layer 301: model.layers.33.self_attn.v_proj.weight, Size: torch.Size([5120, 5120])"
"Layer 302: model.layers.33.self_attn.o_proj.weight, Size: torch.Size([5120, 5120])"
"Layer 303: model.layers.33.mlp.gate_proj.weight, Size: torch.Size([13824, 5120])"
"Layer 304: model.layers.33.mlp.up_proj.weight, Size: torch.Size([13824, 5120])"
"Layer 305: model.layers.33.mlp.down_proj.weight, Size: torch.Size([5120, 13824])"
"Layer 306: model.layers.33.input_layernorm.weight, Size: torch.Size([5120])"
"Layer 307: model.layers.33.post_attention_layernorm.weight, Size: torch.Size([5120])"
"Layer 308: model.layers.34.self_attn.q_proj.weight, Size: torch.Size([5120, 5120])"
"Layer 309: model.layers.34.self_attn.k_proj.weight, Size: torch.Size([5120, 5120])"
"Layer 310: model.layers.34.self_attn.v_proj.weight, Size: torch.Size([5120, 5120])"
"Layer 311: model.layers.34.self_attn.o_proj.weight, Size: torch.Size([5120, 5120])"
"Layer 312: model.layers.34.mlp.gate_proj.weight, Size: torch.Size([13824, 5120])"
"Layer 313: model.layers.34.mlp.up_proj.weight, Size: torch.Size([13824, 5120])"
"Layer 314: model.layers.34.mlp.down_proj.weight, Size: torch.Size([5120, 13824])"
"Layer 315: model.layers.34.input_layernorm.weight, Size: torch.Size([5120])"
"Layer 316: model.layers.34.post_attention_layernorm.weight, Size: torch.Size([5120])"
"Layer 317: model.layers.35.self_attn.q_proj.weight, Size: torch.Size([5120, 5120])"
"Layer 318: model.layers.35.self_attn.k_proj.weight, Size: torch.Size([5120, 5120])"
"Layer 319: model.layers.35.self_attn.v_proj.weight, Size: torch.Size([5120, 5120])"
"Layer 320: model.layers.35.self_attn.o_proj.weight, Size: torch.Size([5120, 5120])"
"Layer 321: model.layers.35.mlp.gate_proj.weight, Size: torch.Size([13824, 5120])"
"Layer 322: model.layers.35.mlp.up_proj.weight, Size: torch.Size([13824, 5120])"
"Layer 323: model.layers.35.mlp.down_proj.weight, Size: torch.Size([5120, 13824])"
"Layer 324: model.layers.35.input_layernorm.weight, Size: torch.Size([5120])"
"Layer 325: model.layers.35.post_attention_layernorm.weight, Size: torch.Size([5120])"
"Layer 326: model.layers.36.self_attn.q_proj.weight, Size: torch.Size([5120, 5120])"
"Layer 327: model.layers.36.self_attn.k_proj.weight, Size: torch.Size([5120, 5120])"
"Layer 328: model.layers.36.self_attn.v_proj.weight, Size: torch.Size([5120, 5120])"
"Layer 329: model.layers.36.self_attn.o_proj.weight, Size: torch.Size([5120, 5120])"
"Layer 330: model.layers.36.mlp.gate_proj.weight, Size: torch.Size([13824, 5120])"
"Layer 331: model.layers.36.mlp.up_proj.weight, Size: torch.Size([13824, 5120])"
"Layer 332: model.layers.36.mlp.down_proj.weight, Size: torch.Size([5120, 13824])"
"Layer 333: model.layers.36.input_layernorm.weight, Size: torch.Size([5120])"
"Layer 334: model.layers.36.post_attention_layernorm.weight, Size: torch.Size([5120])"
"Layer 335: model.layers.37.self_attn.q_proj.weight, Size: torch.Size([5120, 5120])"
"Layer 336: model.layers.37.self_attn.k_proj.weight, Size: torch.Size([5120, 5120])"
"Layer 337: model.layers.37.self_attn.v_proj.weight, Size: torch.Size([5120, 5120])"
"Layer 338: model.layers.37.self_attn.o_proj.weight, Size: torch.Size([5120, 5120])"
"Layer 339: model.layers.37.mlp.gate_proj.weight, Size: torch.Size([13824, 5120])"
"Layer 340: model.layers.37.mlp.up_proj.weight, Size: torch.Size([13824, 5120])"
"Layer 341: model.layers.37.mlp.down_proj.weight, Size: torch.Size([5120, 13824])"
"Layer 342: model.layers.37.input_layernorm.weight, Size: torch.Size([5120])"
"Layer 343: model.layers.37.post_attention_layernorm.weight, Size: torch.Size([5120])"
"Layer 344: model.layers.38.self_attn.q_proj.weight, Size: torch.Size([5120, 5120])"
"Layer 345: model.layers.38.self_attn.k_proj.weight, Size: torch.Size([5120, 5120])"
"Layer 346: model.layers.38.self_attn.v_proj.weight, Size: torch.Size([5120, 5120])"
"Layer 347: model.layers.38.self_attn.o_proj.weight, Size: torch.Size([5120, 5120])"
"Layer 348: model.layers.38.mlp.gate_proj.weight, Size: torch.Size([13824, 5120])"
"Layer 349: model.layers.38.mlp.up_proj.weight, Size: torch.Size([13824, 5120])"
"Layer 350: model.layers.38.mlp.down_proj.weight, Size: torch.Size([5120, 13824])"
"Layer 351: model.layers.38.input_layernorm.weight, Size: torch.Size([5120])"
"Layer 352: model.layers.38.post_attention_layernorm.weight, Size: torch.Size([5120])"
"Layer 353: model.layers.39.self_attn.q_proj.weight, Size: torch.Size([5120, 5120])"
"Layer 354: model.layers.39.self_attn.k_proj.weight, Size: torch.Size([5120, 5120])"
"Layer 355: model.layers.39.self_attn.v_proj.weight, Size: torch.Size([5120, 5120])"
"Layer 356: model.layers.39.self_attn.o_proj.weight, Size: torch.Size([5120, 5120])"
"Layer 357: model.layers.39.mlp.gate_proj.weight, Size: torch.Size([13824, 5120])"
"Layer 358: model.layers.39.mlp.up_proj.weight, Size: torch.Size([13824, 5120])"
"Layer 359: model.layers.39.mlp.down_proj.weight, Size: torch.Size([5120, 13824])"
"Layer 360: model.layers.39.input_layernorm.weight, Size: torch.Size([5120])"
"Layer 361: model.layers.39.post_attention_layernorm.weight, Size: torch.Size([5120])"
"Layer 362: model.norm.weight, Size: torch.Size([5120])"
"Layer 363: model.vision_tower.vision_tower.vision_model.embeddings.class_embedding, Size: torch.Size([1024])"
"Layer 364: model.vision_tower.vision_tower.vision_model.embeddings.patch_embedding.weight, Size: torch.Size([1024, 3, 14, 14])"
"Layer 365: model.vision_tower.vision_tower.vision_model.embeddings.position_embedding.weight, Size: torch.Size([577, 1024])"
"Layer 366: model.vision_tower.vision_tower.vision_model.pre_layrnorm.weight, Size: torch.Size([1024])"
"Layer 367: model.vision_tower.vision_tower.vision_model.pre_layrnorm.bias, Size: torch.Size([1024])"
"Layer 368: model.vision_tower.vision_tower.vision_model.encoder.layers.0.self_attn.k_proj.weight, Size: torch.Size([1024, 1024])"
"Layer 369: model.vision_tower.vision_tower.vision_model.encoder.layers.0.self_attn.k_proj.bias, Size: torch.Size([1024])"
"Layer 370: model.vision_tower.vision_tower.vision_model.encoder.layers.0.self_attn.v_proj.weight, Size: torch.Size([1024, 1024])"
"Layer 371: model.vision_tower.vision_tower.vision_model.encoder.layers.0.self_attn.v_proj.bias, Size: torch.Size([1024])"
"Layer 372: model.vision_tower.vision_tower.vision_model.encoder.layers.0.self_attn.q_proj.weight, Size: torch.Size([1024, 1024])"
"Layer 373: model.vision_tower.vision_tower.vision_model.encoder.layers.0.self_attn.q_proj.bias, Size: torch.Size([1024])"
"Layer 374: model.vision_tower.vision_tower.vision_model.encoder.layers.0.self_attn.out_proj.weight, Size: torch.Size([1024, 1024])"
"Layer 375: model.vision_tower.vision_tower.vision_model.encoder.layers.0.self_attn.out_proj.bias, Size: torch.Size([1024])"
"Layer 376: model.vision_tower.vision_tower.vision_model.encoder.layers.0.layer_norm1.weight, Size: torch.Size([1024])"
"Layer 377: model.vision_tower.vision_tower.vision_model.encoder.layers.0.layer_norm1.bias, Size: torch.Size([1024])"
"Layer 378: model.vision_tower.vision_tower.vision_model.encoder.layers.0.mlp.fc1.weight, Size: torch.Size([4096, 1024])"
"Layer 379: model.vision_tower.vision_tower.vision_model.encoder.layers.0.mlp.fc1.bias, Size: torch.Size([4096])"
"Layer 380: model.vision_tower.vision_tower.vision_model.encoder.layers.0.mlp.fc2.weight, Size: torch.Size([1024, 4096])"
"Layer 381: model.vision_tower.vision_tower.vision_model.encoder.layers.0.mlp.fc2.bias, Size: torch.Size([1024])"
"Layer 382: model.vision_tower.vision_tower.vision_model.encoder.layers.0.layer_norm2.weight, Size: torch.Size([1024])"
"Layer 383: model.vision_tower.vision_tower.vision_model.encoder.layers.0.layer_norm2.bias, Size: torch.Size([1024])"
"Layer 384: model.vision_tower.vision_tower.vision_model.encoder.layers.1.self_attn.k_proj.weight, Size: torch.Size([1024, 1024])"
"Layer 385: model.vision_tower.vision_tower.vision_model.encoder.layers.1.self_attn.k_proj.bias, Size: torch.Size([1024])"
"Layer 386: model.vision_tower.vision_tower.vision_model.encoder.layers.1.self_attn.v_proj.weight, Size: torch.Size([1024, 1024])"
"Layer 387: model.vision_tower.vision_tower.vision_model.encoder.layers.1.self_attn.v_proj.bias, Size: torch.Size([1024])"
"Layer 388: model.vision_tower.vision_tower.vision_model.encoder.layers.1.self_attn.q_proj.weight, Size: torch.Size([1024, 1024])"
"Layer 389: model.vision_tower.vision_tower.vision_model.encoder.layers.1.self_attn.q_proj.bias, Size: torch.Size([1024])"
"Layer 390: model.vision_tower.vision_tower.vision_model.encoder.layers.1.self_attn.out_proj.weight, Size: torch.Size([1024, 1024])"
"Layer 391: model.vision_tower.vision_tower.vision_model.encoder.layers.1.self_attn.out_proj.bias, Size: torch.Size([1024])"
"Layer 392: model.vision_tower.vision_tower.vision_model.encoder.layers.1.layer_norm1.weight, Size: torch.Size([1024])"
"Layer 393: model.vision_tower.vision_tower.vision_model.encoder.layers.1.layer_norm1.bias, Size: torch.Size([1024])"
"Layer 394: model.vision_tower.vision_tower.vision_model.encoder.layers.1.mlp.fc1.weight, Size: torch.Size([4096, 1024])"
"Layer 395: model.vision_tower.vision_tower.vision_model.encoder.layers.1.mlp.fc1.bias, Size: torch.Size([4096])"
"Layer 396: model.vision_tower.vision_tower.vision_model.encoder.layers.1.mlp.fc2.weight, Size: torch.Size([1024, 4096])"
"Layer 397: model.vision_tower.vision_tower.vision_model.encoder.layers.1.mlp.fc2.bias, Size: torch.Size([1024])"
"Layer 398: model.vision_tower.vision_tower.vision_model.encoder.layers.1.layer_norm2.weight, Size: torch.Size([1024])"
"Layer 399: model.vision_tower.vision_tower.vision_model.encoder.layers.1.layer_norm2.bias, Size: torch.Size([1024])"
"Layer 400: model.vision_tower.vision_tower.vision_model.encoder.layers.2.self_attn.k_proj.weight, Size: torch.Size([1024, 1024])"
"Layer 401: model.vision_tower.vision_tower.vision_model.encoder.layers.2.self_attn.k_proj.bias, Size: torch.Size([1024])"
"Layer 402: model.vision_tower.vision_tower.vision_model.encoder.layers.2.self_attn.v_proj.weight, Size: torch.Size([1024, 1024])"
"Layer 403: model.vision_tower.vision_tower.vision_model.encoder.layers.2.self_attn.v_proj.bias, Size: torch.Size([1024])"
"Layer 404: model.vision_tower.vision_tower.vision_model.encoder.layers.2.self_attn.q_proj.weight, Size: torch.Size([1024, 1024])"
"Layer 405: model.vision_tower.vision_tower.vision_model.encoder.layers.2.self_attn.q_proj.bias, Size: torch.Size([1024])"
"Layer 406: model.vision_tower.vision_tower.vision_model.encoder.layers.2.self_attn.out_proj.weight, Size: torch.Size([1024, 1024])"
"Layer 407: model.vision_tower.vision_tower.vision_model.encoder.layers.2.self_attn.out_proj.bias, Size: torch.Size([1024])"
"Layer 408: model.vision_tower.vision_tower.vision_model.encoder.layers.2.layer_norm1.weight, Size: torch.Size([1024])"
"Layer 409: model.vision_tower.vision_tower.vision_model.encoder.layers.2.layer_norm1.bias, Size: torch.Size([1024])"
"Layer 410: model.vision_tower.vision_tower.vision_model.encoder.layers.2.mlp.fc1.weight, Size: torch.Size([4096, 1024])"
"Layer 411: model.vision_tower.vision_tower.vision_model.encoder.layers.2.mlp.fc1.bias, Size: torch.Size([4096])"
"Layer 412: model.vision_tower.vision_tower.vision_model.encoder.layers.2.mlp.fc2.weight, Size: torch.Size([1024, 4096])"
"Layer 413: model.vision_tower.vision_tower.vision_model.encoder.layers.2.mlp.fc2.bias, Size: torch.Size([1024])"
"Layer 414: model.vision_tower.vision_tower.vision_model.encoder.layers.2.layer_norm2.weight, Size: torch.Size([1024])"
"Layer 415: model.vision_tower.vision_tower.vision_model.encoder.layers.2.layer_norm2.bias, Size: torch.Size([1024])"
"Layer 416: model.vision_tower.vision_tower.vision_model.encoder.layers.3.self_attn.k_proj.weight, Size: torch.Size([1024, 1024])"
"Layer 417: model.vision_tower.vision_tower.vision_model.encoder.layers.3.self_attn.k_proj.bias, Size: torch.Size([1024])"
"Layer 418: model.vision_tower.vision_tower.vision_model.encoder.layers.3.self_attn.v_proj.weight, Size: torch.Size([1024, 1024])"
"Layer 419: model.vision_tower.vision_tower.vision_model.encoder.layers.3.self_attn.v_proj.bias, Size: torch.Size([1024])"
"Layer 420: model.vision_tower.vision_tower.vision_model.encoder.layers.3.self_attn.q_proj.weight, Size: torch.Size([1024, 1024])"
"Layer 421: model.vision_tower.vision_tower.vision_model.encoder.layers.3.self_attn.q_proj.bias, Size: torch.Size([1024])"
"Layer 422: model.vision_tower.vision_tower.vision_model.encoder.layers.3.self_attn.out_proj.weight, Size: torch.Size([1024, 1024])"
"Layer 423: model.vision_tower.vision_tower.vision_model.encoder.layers.3.self_attn.out_proj.bias, Size: torch.Size([1024])"
"Layer 424: model.vision_tower.vision_tower.vision_model.encoder.layers.3.layer_norm1.weight, Size: torch.Size([1024])"
"Layer 425: model.vision_tower.vision_tower.vision_model.encoder.layers.3.layer_norm1.bias, Size: torch.Size([1024])"
"Layer 426: model.vision_tower.vision_tower.vision_model.encoder.layers.3.mlp.fc1.weight, Size: torch.Size([4096, 1024])"
"Layer 427: model.vision_tower.vision_tower.vision_model.encoder.layers.3.mlp.fc1.bias, Size: torch.Size([4096])"
"Layer 428: model.vision_tower.vision_tower.vision_model.encoder.layers.3.mlp.fc2.weight, Size: torch.Size([1024, 4096])"
"Layer 429: model.vision_tower.vision_tower.vision_model.encoder.layers.3.mlp.fc2.bias, Size: torch.Size([1024])"
"Layer 430: model.vision_tower.vision_tower.vision_model.encoder.layers.3.layer_norm2.weight, Size: torch.Size([1024])"
"Layer 431: model.vision_tower.vision_tower.vision_model.encoder.layers.3.layer_norm2.bias, Size: torch.Size([1024])"
"Layer 432: model.vision_tower.vision_tower.vision_model.encoder.layers.4.self_attn.k_proj.weight, Size: torch.Size([1024, 1024])"
"Layer 433: model.vision_tower.vision_tower.vision_model.encoder.layers.4.self_attn.k_proj.bias, Size: torch.Size([1024])"
"Layer 434: model.vision_tower.vision_tower.vision_model.encoder.layers.4.self_attn.v_proj.weight, Size: torch.Size([1024, 1024])"
"Layer 435: model.vision_tower.vision_tower.vision_model.encoder.layers.4.self_attn.v_proj.bias, Size: torch.Size([1024])"
"Layer 436: model.vision_tower.vision_tower.vision_model.encoder.layers.4.self_attn.q_proj.weight, Size: torch.Size([1024, 1024])"
"Layer 437: model.vision_tower.vision_tower.vision_model.encoder.layers.4.self_attn.q_proj.bias, Size: torch.Size([1024])"
"Layer 438: model.vision_tower.vision_tower.vision_model.encoder.layers.4.self_attn.out_proj.weight, Size: torch.Size([1024, 1024])"
"Layer 439: model.vision_tower.vision_tower.vision_model.encoder.layers.4.self_attn.out_proj.bias, Size: torch.Size([1024])"
"Layer 440: model.vision_tower.vision_tower.vision_model.encoder.layers.4.layer_norm1.weight, Size: torch.Size([1024])"
"Layer 441: model.vision_tower.vision_tower.vision_model.encoder.layers.4.layer_norm1.bias, Size: torch.Size([1024])"
"Layer 442: model.vision_tower.vision_tower.vision_model.encoder.layers.4.mlp.fc1.weight, Size: torch.Size([4096, 1024])"
"Layer 443: model.vision_tower.vision_tower.vision_model.encoder.layers.4.mlp.fc1.bias, Size: torch.Size([4096])"
"Layer 444: model.vision_tower.vision_tower.vision_model.encoder.layers.4.mlp.fc2.weight, Size: torch.Size([1024, 4096])"
"Layer 445: model.vision_tower.vision_tower.vision_model.encoder.layers.4.mlp.fc2.bias, Size: torch.Size([1024])"
"Layer 446: model.vision_tower.vision_tower.vision_model.encoder.layers.4.layer_norm2.weight, Size: torch.Size([1024])"
"Layer 447: model.vision_tower.vision_tower.vision_model.encoder.layers.4.layer_norm2.bias, Size: torch.Size([1024])"
"Layer 448: model.vision_tower.vision_tower.vision_model.encoder.layers.5.self_attn.k_proj.weight, Size: torch.Size([1024, 1024])"
"Layer 449: model.vision_tower.vision_tower.vision_model.encoder.layers.5.self_attn.k_proj.bias, Size: torch.Size([1024])"
"Layer 450: model.vision_tower.vision_tower.vision_model.encoder.layers.5.self_attn.v_proj.weight, Size: torch.Size([1024, 1024])"
"Layer 451: model.vision_tower.vision_tower.vision_model.encoder.layers.5.self_attn.v_proj.bias, Size: torch.Size([1024])"
"Layer 452: model.vision_tower.vision_tower.vision_model.encoder.layers.5.self_attn.q_proj.weight, Size: torch.Size([1024, 1024])"
"Layer 453: model.vision_tower.vision_tower.vision_model.encoder.layers.5.self_attn.q_proj.bias, Size: torch.Size([1024])"
"Layer 454: model.vision_tower.vision_tower.vision_model.encoder.layers.5.self_attn.out_proj.weight, Size: torch.Size([1024, 1024])"
"Layer 455: model.vision_tower.vision_tower.vision_model.encoder.layers.5.self_attn.out_proj.bias, Size: torch.Size([1024])"
"Layer 456: model.vision_tower.vision_tower.vision_model.encoder.layers.5.layer_norm1.weight, Size: torch.Size([1024])"
"Layer 457: model.vision_tower.vision_tower.vision_model.encoder.layers.5.layer_norm1.bias, Size: torch.Size([1024])"
"Layer 458: model.vision_tower.vision_tower.vision_model.encoder.layers.5.mlp.fc1.weight, Size: torch.Size([4096, 1024])"
"Layer 459: model.vision_tower.vision_tower.vision_model.encoder.layers.5.mlp.fc1.bias, Size: torch.Size([4096])"
"Layer 460: model.vision_tower.vision_tower.vision_model.encoder.layers.5.mlp.fc2.weight, Size: torch.Size([1024, 4096])"
"Layer 461: model.vision_tower.vision_tower.vision_model.encoder.layers.5.mlp.fc2.bias, Size: torch.Size([1024])"
"Layer 462: model.vision_tower.vision_tower.vision_model.encoder.layers.5.layer_norm2.weight, Size: torch.Size([1024])"
"Layer 463: model.vision_tower.vision_tower.vision_model.encoder.layers.5.layer_norm2.bias, Size: torch.Size([1024])"
"Layer 464: model.vision_tower.vision_tower.vision_model.encoder.layers.6.self_attn.k_proj.weight, Size: torch.Size([1024, 1024])"
"Layer 465: model.vision_tower.vision_tower.vision_model.encoder.layers.6.self_attn.k_proj.bias, Size: torch.Size([1024])"
"Layer 466: model.vision_tower.vision_tower.vision_model.encoder.layers.6.self_attn.v_proj.weight, Size: torch.Size([1024, 1024])"
"Layer 467: model.vision_tower.vision_tower.vision_model.encoder.layers.6.self_attn.v_proj.bias, Size: torch.Size([1024])"
"Layer 468: model.vision_tower.vision_tower.vision_model.encoder.layers.6.self_attn.q_proj.weight, Size: torch.Size([1024, 1024])"
"Layer 469: model.vision_tower.vision_tower.vision_model.encoder.layers.6.self_attn.q_proj.bias, Size: torch.Size([1024])"
"Layer 470: model.vision_tower.vision_tower.vision_model.encoder.layers.6.self_attn.out_proj.weight, Size: torch.Size([1024, 1024])"
"Layer 471: model.vision_tower.vision_tower.vision_model.encoder.layers.6.self_attn.out_proj.bias, Size: torch.Size([1024])"
"Layer 472: model.vision_tower.vision_tower.vision_model.encoder.layers.6.layer_norm1.weight, Size: torch.Size([1024])"
"Layer 473: model.vision_tower.vision_tower.vision_model.encoder.layers.6.layer_norm1.bias, Size: torch.Size([1024])"
"Layer 474: model.vision_tower.vision_tower.vision_model.encoder.layers.6.mlp.fc1.weight, Size: torch.Size([4096, 1024])"
"Layer 475: model.vision_tower.vision_tower.vision_model.encoder.layers.6.mlp.fc1.bias, Size: torch.Size([4096])"
"Layer 476: model.vision_tower.vision_tower.vision_model.encoder.layers.6.mlp.fc2.weight, Size: torch.Size([1024, 4096])"
"Layer 477: model.vision_tower.vision_tower.vision_model.encoder.layers.6.mlp.fc2.bias, Size: torch.Size([1024])"
"Layer 478: model.vision_tower.vision_tower.vision_model.encoder.layers.6.layer_norm2.weight, Size: torch.Size([1024])"
"Layer 479: model.vision_tower.vision_tower.vision_model.encoder.layers.6.layer_norm2.bias, Size: torch.Size([1024])"
"Layer 480: model.vision_tower.vision_tower.vision_model.encoder.layers.7.self_attn.k_proj.weight, Size: torch.Size([1024, 1024])"
"Layer 481: model.vision_tower.vision_tower.vision_model.encoder.layers.7.self_attn.k_proj.bias, Size: torch.Size([1024])"
"Layer 482: model.vision_tower.vision_tower.vision_model.encoder.layers.7.self_attn.v_proj.weight, Size: torch.Size([1024, 1024])"
"Layer 483: model.vision_tower.vision_tower.vision_model.encoder.layers.7.self_attn.v_proj.bias, Size: torch.Size([1024])"
"Layer 484: model.vision_tower.vision_tower.vision_model.encoder.layers.7.self_attn.q_proj.weight, Size: torch.Size([1024, 1024])"
"Layer 485: model.vision_tower.vision_tower.vision_model.encoder.layers.7.self_attn.q_proj.bias, Size: torch.Size([1024])"
"Layer 486: model.vision_tower.vision_tower.vision_model.encoder.layers.7.self_attn.out_proj.weight, Size: torch.Size([1024, 1024])"
"Layer 487: model.vision_tower.vision_tower.vision_model.encoder.layers.7.self_attn.out_proj.bias, Size: torch.Size([1024])"
"Layer 488: model.vision_tower.vision_tower.vision_model.encoder.layers.7.layer_norm1.weight, Size: torch.Size([1024])"
"Layer 489: model.vision_tower.vision_tower.vision_model.encoder.layers.7.layer_norm1.bias, Size: torch.Size([1024])"
"Layer 490: model.vision_tower.vision_tower.vision_model.encoder.layers.7.mlp.fc1.weight, Size: torch.Size([4096, 1024])"
"Layer 491: model.vision_tower.vision_tower.vision_model.encoder.layers.7.mlp.fc1.bias, Size: torch.Size([4096])"
"Layer 492: model.vision_tower.vision_tower.vision_model.encoder.layers.7.mlp.fc2.weight, Size: torch.Size([1024, 4096])"
"Layer 493: model.vision_tower.vision_tower.vision_model.encoder.layers.7.mlp.fc2.bias, Size: torch.Size([1024])"
"Layer 494: model.vision_tower.vision_tower.vision_model.encoder.layers.7.layer_norm2.weight, Size: torch.Size([1024])"
"Layer 495: model.vision_tower.vision_tower.vision_model.encoder.layers.7.layer_norm2.bias, Size: torch.Size([1024])"
"Layer 496: model.vision_tower.vision_tower.vision_model.encoder.layers.8.self_attn.k_proj.weight, Size: torch.Size([1024, 1024])"
"Layer 497: model.vision_tower.vision_tower.vision_model.encoder.layers.8.self_attn.k_proj.bias, Size: torch.Size([1024])"
"Layer 498: model.vision_tower.vision_tower.vision_model.encoder.layers.8.self_attn.v_proj.weight, Size: torch.Size([1024, 1024])"
"Layer 499: model.vision_tower.vision_tower.vision_model.encoder.layers.8.self_attn.v_proj.bias, Size: torch.Size([1024])"
"Layer 500: model.vision_tower.vision_tower.vision_model.encoder.layers.8.self_attn.q_proj.weight, Size: torch.Size([1024, 1024])"
"Layer 501: model.vision_tower.vision_tower.vision_model.encoder.layers.8.self_attn.q_proj.bias, Size: torch.Size([1024])"
"Layer 502: model.vision_tower.vision_tower.vision_model.encoder.layers.8.self_attn.out_proj.weight, Size: torch.Size([1024, 1024])"
"Layer 503: model.vision_tower.vision_tower.vision_model.encoder.layers.8.self_attn.out_proj.bias, Size: torch.Size([1024])"
"Layer 504: model.vision_tower.vision_tower.vision_model.encoder.layers.8.layer_norm1.weight, Size: torch.Size([1024])"
"Layer 505: model.vision_tower.vision_tower.vision_model.encoder.layers.8.layer_norm1.bias, Size: torch.Size([1024])"
"Layer 506: model.vision_tower.vision_tower.vision_model.encoder.layers.8.mlp.fc1.weight, Size: torch.Size([4096, 1024])"
"Layer 507: model.vision_tower.vision_tower.vision_model.encoder.layers.8.mlp.fc1.bias, Size: torch.Size([4096])"
"Layer 508: model.vision_tower.vision_tower.vision_model.encoder.layers.8.mlp.fc2.weight, Size: torch.Size([1024, 4096])"
"Layer 509: model.vision_tower.vision_tower.vision_model.encoder.layers.8.mlp.fc2.bias, Size: torch.Size([1024])"
"Layer 510: model.vision_tower.vision_tower.vision_model.encoder.layers.8.layer_norm2.weight, Size: torch.Size([1024])"
"Layer 511: model.vision_tower.vision_tower.vision_model.encoder.layers.8.layer_norm2.bias, Size: torch.Size([1024])"
"Layer 512: model.vision_tower.vision_tower.vision_model.encoder.layers.9.self_attn.k_proj.weight, Size: torch.Size([1024, 1024])"
"Layer 513: model.vision_tower.vision_tower.vision_model.encoder.layers.9.self_attn.k_proj.bias, Size: torch.Size([1024])"
"Layer 514: model.vision_tower.vision_tower.vision_model.encoder.layers.9.self_attn.v_proj.weight, Size: torch.Size([1024, 1024])"
"Layer 515: model.vision_tower.vision_tower.vision_model.encoder.layers.9.self_attn.v_proj.bias, Size: torch.Size([1024])"
"Layer 516: model.vision_tower.vision_tower.vision_model.encoder.layers.9.self_attn.q_proj.weight, Size: torch.Size([1024, 1024])"
"Layer 517: model.vision_tower.vision_tower.vision_model.encoder.layers.9.self_attn.q_proj.bias, Size: torch.Size([1024])"
"Layer 518: model.vision_tower.vision_tower.vision_model.encoder.layers.9.self_attn.out_proj.weight, Size: torch.Size([1024, 1024])"
"Layer 519: model.vision_tower.vision_tower.vision_model.encoder.layers.9.self_attn.out_proj.bias, Size: torch.Size([1024])"
"Layer 520: model.vision_tower.vision_tower.vision_model.encoder.layers.9.layer_norm1.weight, Size: torch.Size([1024])"
"Layer 521: model.vision_tower.vision_tower.vision_model.encoder.layers.9.layer_norm1.bias, Size: torch.Size([1024])"
"Layer 522: model.vision_tower.vision_tower.vision_model.encoder.layers.9.mlp.fc1.weight, Size: torch.Size([4096, 1024])"
"Layer 523: model.vision_tower.vision_tower.vision_model.encoder.layers.9.mlp.fc1.bias, Size: torch.Size([4096])"
"Layer 524: model.vision_tower.vision_tower.vision_model.encoder.layers.9.mlp.fc2.weight, Size: torch.Size([1024, 4096])"
"Layer 525: model.vision_tower.vision_tower.vision_model.encoder.layers.9.mlp.fc2.bias, Size: torch.Size([1024])"
"Layer 526: model.vision_tower.vision_tower.vision_model.encoder.layers.9.layer_norm2.weight, Size: torch.Size([1024])"
"Layer 527: model.vision_tower.vision_tower.vision_model.encoder.layers.9.layer_norm2.bias, Size: torch.Size([1024])"
"Layer 528: model.vision_tower.vision_tower.vision_model.encoder.layers.10.self_attn.k_proj.weight, Size: torch.Size([1024, 1024])"
"Layer 529: model.vision_tower.vision_tower.vision_model.encoder.layers.10.self_attn.k_proj.bias, Size: torch.Size([1024])"
"Layer 530: model.vision_tower.vision_tower.vision_model.encoder.layers.10.self_attn.v_proj.weight, Size: torch.Size([1024, 1024])"
"Layer 531: model.vision_tower.vision_tower.vision_model.encoder.layers.10.self_attn.v_proj.bias, Size: torch.Size([1024])"
"Layer 532: model.vision_tower.vision_tower.vision_model.encoder.layers.10.self_attn.q_proj.weight, Size: torch.Size([1024, 1024])"
"Layer 533: model.vision_tower.vision_tower.vision_model.encoder.layers.10.self_attn.q_proj.bias, Size: torch.Size([1024])"
"Layer 534: model.vision_tower.vision_tower.vision_model.encoder.layers.10.self_attn.out_proj.weight, Size: torch.Size([1024, 1024])"
"Layer 535: model.vision_tower.vision_tower.vision_model.encoder.layers.10.self_attn.out_proj.bias, Size: torch.Size([1024])"
"Layer 536: model.vision_tower.vision_tower.vision_model.encoder.layers.10.layer_norm1.weight, Size: torch.Size([1024])"
"Layer 537: model.vision_tower.vision_tower.vision_model.encoder.layers.10.layer_norm1.bias, Size: torch.Size([1024])"
"Layer 538: model.vision_tower.vision_tower.vision_model.encoder.layers.10.mlp.fc1.weight, Size: torch.Size([4096, 1024])"
"Layer 539: model.vision_tower.vision_tower.vision_model.encoder.layers.10.mlp.fc1.bias, Size: torch.Size([4096])"
"Layer 540: model.vision_tower.vision_tower.vision_model.encoder.layers.10.mlp.fc2.weight, Size: torch.Size([1024, 4096])"
"Layer 541: model.vision_tower.vision_tower.vision_model.encoder.layers.10.mlp.fc2.bias, Size: torch.Size([1024])"
"Layer 542: model.vision_tower.vision_tower.vision_model.encoder.layers.10.layer_norm2.weight, Size: torch.Size([1024])"
"Layer 543: model.vision_tower.vision_tower.vision_model.encoder.layers.10.layer_norm2.bias, Size: torch.Size([1024])"
"Layer 544: model.vision_tower.vision_tower.vision_model.encoder.layers.11.self_attn.k_proj.weight, Size: torch.Size([1024, 1024])"
"Layer 545: model.vision_tower.vision_tower.vision_model.encoder.layers.11.self_attn.k_proj.bias, Size: torch.Size([1024])"
"Layer 546: model.vision_tower.vision_tower.vision_model.encoder.layers.11.self_attn.v_proj.weight, Size: torch.Size([1024, 1024])"
"Layer 547: model.vision_tower.vision_tower.vision_model.encoder.layers.11.self_attn.v_proj.bias, Size: torch.Size([1024])"
"Layer 548: model.vision_tower.vision_tower.vision_model.encoder.layers.11.self_attn.q_proj.weight, Size: torch.Size([1024, 1024])"
"Layer 549: model.vision_tower.vision_tower.vision_model.encoder.layers.11.self_attn.q_proj.bias, Size: torch.Size([1024])"
"Layer 550: model.vision_tower.vision_tower.vision_model.encoder.layers.11.self_attn.out_proj.weight, Size: torch.Size([1024, 1024])"
"Layer 551: model.vision_tower.vision_tower.vision_model.encoder.layers.11.self_attn.out_proj.bias, Size: torch.Size([1024])"
"Layer 552: model.vision_tower.vision_tower.vision_model.encoder.layers.11.layer_norm1.weight, Size: torch.Size([1024])"
"Layer 553: model.vision_tower.vision_tower.vision_model.encoder.layers.11.layer_norm1.bias, Size: torch.Size([1024])"
"Layer 554: model.vision_tower.vision_tower.vision_model.encoder.layers.11.mlp.fc1.weight, Size: torch.Size([4096, 1024])"
"Layer 555: model.vision_tower.vision_tower.vision_model.encoder.layers.11.mlp.fc1.bias, Size: torch.Size([4096])"
"Layer 556: model.vision_tower.vision_tower.vision_model.encoder.layers.11.mlp.fc2.weight, Size: torch.Size([1024, 4096])"
"Layer 557: model.vision_tower.vision_tower.vision_model.encoder.layers.11.mlp.fc2.bias, Size: torch.Size([1024])"
"Layer 558: model.vision_tower.vision_tower.vision_model.encoder.layers.11.layer_norm2.weight, Size: torch.Size([1024])"
"Layer 559: model.vision_tower.vision_tower.vision_model.encoder.layers.11.layer_norm2.bias, Size: torch.Size([1024])"
"Layer 560: model.vision_tower.vision_tower.vision_model.encoder.layers.12.self_attn.k_proj.weight, Size: torch.Size([1024, 1024])"
"Layer 561: model.vision_tower.vision_tower.vision_model.encoder.layers.12.self_attn.k_proj.bias, Size: torch.Size([1024])"
"Layer 562: model.vision_tower.vision_tower.vision_model.encoder.layers.12.self_attn.v_proj.weight, Size: torch.Size([1024, 1024])"
"Layer 563: model.vision_tower.vision_tower.vision_model.encoder.layers.12.self_attn.v_proj.bias, Size: torch.Size([1024])"
"Layer 564: model.vision_tower.vision_tower.vision_model.encoder.layers.12.self_attn.q_proj.weight, Size: torch.Size([1024, 1024])"
"Layer 565: model.vision_tower.vision_tower.vision_model.encoder.layers.12.self_attn.q_proj.bias, Size: torch.Size([1024])"
"Layer 566: model.vision_tower.vision_tower.vision_model.encoder.layers.12.self_attn.out_proj.weight, Size: torch.Size([1024, 1024])"
"Layer 567: model.vision_tower.vision_tower.vision_model.encoder.layers.12.self_attn.out_proj.bias, Size: torch.Size([1024])"
"Layer 568: model.vision_tower.vision_tower.vision_model.encoder.layers.12.layer_norm1.weight, Size: torch.Size([1024])"
"Layer 569: model.vision_tower.vision_tower.vision_model.encoder.layers.12.layer_norm1.bias, Size: torch.Size([1024])"
"Layer 570: model.vision_tower.vision_tower.vision_model.encoder.layers.12.mlp.fc1.weight, Size: torch.Size([4096, 1024])"
"Layer 571: model.vision_tower.vision_tower.vision_model.encoder.layers.12.mlp.fc1.bias, Size: torch.Size([4096])"
"Layer 572: model.vision_tower.vision_tower.vision_model.encoder.layers.12.mlp.fc2.weight, Size: torch.Size([1024, 4096])"
"Layer 573: model.vision_tower.vision_tower.vision_model.encoder.layers.12.mlp.fc2.bias, Size: torch.Size([1024])"
"Layer 574: model.vision_tower.vision_tower.vision_model.encoder.layers.12.layer_norm2.weight, Size: torch.Size([1024])"
"Layer 575: model.vision_tower.vision_tower.vision_model.encoder.layers.12.layer_norm2.bias, Size: torch.Size([1024])"
"Layer 576: model.vision_tower.vision_tower.vision_model.encoder.layers.13.self_attn.k_proj.weight, Size: torch.Size([1024, 1024])"
"Layer 577: model.vision_tower.vision_tower.vision_model.encoder.layers.13.self_attn.k_proj.bias, Size: torch.Size([1024])"
"Layer 578: model.vision_tower.vision_tower.vision_model.encoder.layers.13.self_attn.v_proj.weight, Size: torch.Size([1024, 1024])"
"Layer 579: model.vision_tower.vision_tower.vision_model.encoder.layers.13.self_attn.v_proj.bias, Size: torch.Size([1024])"
"Layer 580: model.vision_tower.vision_tower.vision_model.encoder.layers.13.self_attn.q_proj.weight, Size: torch.Size([1024, 1024])"
"Layer 581: model.vision_tower.vision_tower.vision_model.encoder.layers.13.self_attn.q_proj.bias, Size: torch.Size([1024])"
"Layer 582: model.vision_tower.vision_tower.vision_model.encoder.layers.13.self_attn.out_proj.weight, Size: torch.Size([1024, 1024])"
"Layer 583: model.vision_tower.vision_tower.vision_model.encoder.layers.13.self_attn.out_proj.bias, Size: torch.Size([1024])"
"Layer 584: model.vision_tower.vision_tower.vision_model.encoder.layers.13.layer_norm1.weight, Size: torch.Size([1024])"
"Layer 585: model.vision_tower.vision_tower.vision_model.encoder.layers.13.layer_norm1.bias, Size: torch.Size([1024])"
"Layer 586: model.vision_tower.vision_tower.vision_model.encoder.layers.13.mlp.fc1.weight, Size: torch.Size([4096, 1024])"
"Layer 587: model.vision_tower.vision_tower.vision_model.encoder.layers.13.mlp.fc1.bias, Size: torch.Size([4096])"
"Layer 588: model.vision_tower.vision_tower.vision_model.encoder.layers.13.mlp.fc2.weight, Size: torch.Size([1024, 4096])"
"Layer 589: model.vision_tower.vision_tower.vision_model.encoder.layers.13.mlp.fc2.bias, Size: torch.Size([1024])"
"Layer 590: model.vision_tower.vision_tower.vision_model.encoder.layers.13.layer_norm2.weight, Size: torch.Size([1024])"
"Layer 591: model.vision_tower.vision_tower.vision_model.encoder.layers.13.layer_norm2.bias, Size: torch.Size([1024])"
"Layer 592: model.vision_tower.vision_tower.vision_model.encoder.layers.14.self_attn.k_proj.weight, Size: torch.Size([1024, 1024])"
"Layer 593: model.vision_tower.vision_tower.vision_model.encoder.layers.14.self_attn.k_proj.bias, Size: torch.Size([1024])"
"Layer 594: model.vision_tower.vision_tower.vision_model.encoder.layers.14.self_attn.v_proj.weight, Size: torch.Size([1024, 1024])"
"Layer 595: model.vision_tower.vision_tower.vision_model.encoder.layers.14.self_attn.v_proj.bias, Size: torch.Size([1024])"
"Layer 596: model.vision_tower.vision_tower.vision_model.encoder.layers.14.self_attn.q_proj.weight, Size: torch.Size([1024, 1024])"
"Layer 597: model.vision_tower.vision_tower.vision_model.encoder.layers.14.self_attn.q_proj.bias, Size: torch.Size([1024])"
"Layer 598: model.vision_tower.vision_tower.vision_model.encoder.layers.14.self_attn.out_proj.weight, Size: torch.Size([1024, 1024])"
"Layer 599: model.vision_tower.vision_tower.vision_model.encoder.layers.14.self_attn.out_proj.bias, Size: torch.Size([1024])"
"Layer 600: model.vision_tower.vision_tower.vision_model.encoder.layers.14.layer_norm1.weight, Size: torch.Size([1024])"
"Layer 601: model.vision_tower.vision_tower.vision_model.encoder.layers.14.layer_norm1.bias, Size: torch.Size([1024])"
"Layer 602: model.vision_tower.vision_tower.vision_model.encoder.layers.14.mlp.fc1.weight, Size: torch.Size([4096, 1024])"
"Layer 603: model.vision_tower.vision_tower.vision_model.encoder.layers.14.mlp.fc1.bias, Size: torch.Size([4096])"
"Layer 604: model.vision_tower.vision_tower.vision_model.encoder.layers.14.mlp.fc2.weight, Size: torch.Size([1024, 4096])"
"Layer 605: model.vision_tower.vision_tower.vision_model.encoder.layers.14.mlp.fc2.bias, Size: torch.Size([1024])"
"Layer 606: model.vision_tower.vision_tower.vision_model.encoder.layers.14.layer_norm2.weight, Size: torch.Size([1024])"
"Layer 607: model.vision_tower.vision_tower.vision_model.encoder.layers.14.layer_norm2.bias, Size: torch.Size([1024])"
"Layer 608: model.vision_tower.vision_tower.vision_model.encoder.layers.15.self_attn.k_proj.weight, Size: torch.Size([1024, 1024])"
"Layer 609: model.vision_tower.vision_tower.vision_model.encoder.layers.15.self_attn.k_proj.bias, Size: torch.Size([1024])"
"Layer 610: model.vision_tower.vision_tower.vision_model.encoder.layers.15.self_attn.v_proj.weight, Size: torch.Size([1024, 1024])"
"Layer 611: model.vision_tower.vision_tower.vision_model.encoder.layers.15.self_attn.v_proj.bias, Size: torch.Size([1024])"
"Layer 612: model.vision_tower.vision_tower.vision_model.encoder.layers.15.self_attn.q_proj.weight, Size: torch.Size([1024, 1024])"
"Layer 613: model.vision_tower.vision_tower.vision_model.encoder.layers.15.self_attn.q_proj.bias, Size: torch.Size([1024])"
"Layer 614: model.vision_tower.vision_tower.vision_model.encoder.layers.15.self_attn.out_proj.weight, Size: torch.Size([1024, 1024])"
"Layer 615: model.vision_tower.vision_tower.vision_model.encoder.layers.15.self_attn.out_proj.bias, Size: torch.Size([1024])"
"Layer 616: model.vision_tower.vision_tower.vision_model.encoder.layers.15.layer_norm1.weight, Size: torch.Size([1024])"
"Layer 617: model.vision_tower.vision_tower.vision_model.encoder.layers.15.layer_norm1.bias, Size: torch.Size([1024])"
"Layer 618: model.vision_tower.vision_tower.vision_model.encoder.layers.15.mlp.fc1.weight, Size: torch.Size([4096, 1024])"
"Layer 619: model.vision_tower.vision_tower.vision_model.encoder.layers.15.mlp.fc1.bias, Size: torch.Size([4096])"
"Layer 620: model.vision_tower.vision_tower.vision_model.encoder.layers.15.mlp.fc2.weight, Size: torch.Size([1024, 4096])"
"Layer 621: model.vision_tower.vision_tower.vision_model.encoder.layers.15.mlp.fc2.bias, Size: torch.Size([1024])"
"Layer 622: model.vision_tower.vision_tower.vision_model.encoder.layers.15.layer_norm2.weight, Size: torch.Size([1024])"
"Layer 623: model.vision_tower.vision_tower.vision_model.encoder.layers.15.layer_norm2.bias, Size: torch.Size([1024])"
"Layer 624: model.vision_tower.vision_tower.vision_model.encoder.layers.16.self_attn.k_proj.weight, Size: torch.Size([1024, 1024])"
"Layer 625: model.vision_tower.vision_tower.vision_model.encoder.layers.16.self_attn.k_proj.bias, Size: torch.Size([1024])"
"Layer 626: model.vision_tower.vision_tower.vision_model.encoder.layers.16.self_attn.v_proj.weight, Size: torch.Size([1024, 1024])"
"Layer 627: model.vision_tower.vision_tower.vision_model.encoder.layers.16.self_attn.v_proj.bias, Size: torch.Size([1024])"
"Layer 628: model.vision_tower.vision_tower.vision_model.encoder.layers.16.self_attn.q_proj.weight, Size: torch.Size([1024, 1024])"
"Layer 629: model.vision_tower.vision_tower.vision_model.encoder.layers.16.self_attn.q_proj.bias, Size: torch.Size([1024])"
"Layer 630: model.vision_tower.vision_tower.vision_model.encoder.layers.16.self_attn.out_proj.weight, Size: torch.Size([1024, 1024])"
"Layer 631: model.vision_tower.vision_tower.vision_model.encoder.layers.16.self_attn.out_proj.bias, Size: torch.Size([1024])"
"Layer 632: model.vision_tower.vision_tower.vision_model.encoder.layers.16.layer_norm1.weight, Size: torch.Size([1024])"
"Layer 633: model.vision_tower.vision_tower.vision_model.encoder.layers.16.layer_norm1.bias, Size: torch.Size([1024])"
"Layer 634: model.vision_tower.vision_tower.vision_model.encoder.layers.16.mlp.fc1.weight, Size: torch.Size([4096, 1024])"
"Layer 635: model.vision_tower.vision_tower.vision_model.encoder.layers.16.mlp.fc1.bias, Size: torch.Size([4096])"
"Layer 636: model.vision_tower.vision_tower.vision_model.encoder.layers.16.mlp.fc2.weight, Size: torch.Size([1024, 4096])"
"Layer 637: model.vision_tower.vision_tower.vision_model.encoder.layers.16.mlp.fc2.bias, Size: torch.Size([1024])"
"Layer 638: model.vision_tower.vision_tower.vision_model.encoder.layers.16.layer_norm2.weight, Size: torch.Size([1024])"
"Layer 639: model.vision_tower.vision_tower.vision_model.encoder.layers.16.layer_norm2.bias, Size: torch.Size([1024])"
"Layer 640: model.vision_tower.vision_tower.vision_model.encoder.layers.17.self_attn.k_proj.weight, Size: torch.Size([1024, 1024])"
"Layer 641: model.vision_tower.vision_tower.vision_model.encoder.layers.17.self_attn.k_proj.bias, Size: torch.Size([1024])"
"Layer 642: model.vision_tower.vision_tower.vision_model.encoder.layers.17.self_attn.v_proj.weight, Size: torch.Size([1024, 1024])"
"Layer 643: model.vision_tower.vision_tower.vision_model.encoder.layers.17.self_attn.v_proj.bias, Size: torch.Size([1024])"
"Layer 644: model.vision_tower.vision_tower.vision_model.encoder.layers.17.self_attn.q_proj.weight, Size: torch.Size([1024, 1024])"
"Layer 645: model.vision_tower.vision_tower.vision_model.encoder.layers.17.self_attn.q_proj.bias, Size: torch.Size([1024])"
"Layer 646: model.vision_tower.vision_tower.vision_model.encoder.layers.17.self_attn.out_proj.weight, Size: torch.Size([1024, 1024])"
"Layer 647: model.vision_tower.vision_tower.vision_model.encoder.layers.17.self_attn.out_proj.bias, Size: torch.Size([1024])"
"Layer 648: model.vision_tower.vision_tower.vision_model.encoder.layers.17.layer_norm1.weight, Size: torch.Size([1024])"
"Layer 649: model.vision_tower.vision_tower.vision_model.encoder.layers.17.layer_norm1.bias, Size: torch.Size([1024])"
"Layer 650: model.vision_tower.vision_tower.vision_model.encoder.layers.17.mlp.fc1.weight, Size: torch.Size([4096, 1024])"
"Layer 651: model.vision_tower.vision_tower.vision_model.encoder.layers.17.mlp.fc1.bias, Size: torch.Size([4096])"
"Layer 652: model.vision_tower.vision_tower.vision_model.encoder.layers.17.mlp.fc2.weight, Size: torch.Size([1024, 4096])"
"Layer 653: model.vision_tower.vision_tower.vision_model.encoder.layers.17.mlp.fc2.bias, Size: torch.Size([1024])"
"Layer 654: model.vision_tower.vision_tower.vision_model.encoder.layers.17.layer_norm2.weight, Size: torch.Size([1024])"
"Layer 655: model.vision_tower.vision_tower.vision_model.encoder.layers.17.layer_norm2.bias, Size: torch.Size([1024])"
"Layer 656: model.vision_tower.vision_tower.vision_model.encoder.layers.18.self_attn.k_proj.weight, Size: torch.Size([1024, 1024])"
"Layer 657: model.vision_tower.vision_tower.vision_model.encoder.layers.18.self_attn.k_proj.bias, Size: torch.Size([1024])"
"Layer 658: model.vision_tower.vision_tower.vision_model.encoder.layers.18.self_attn.v_proj.weight, Size: torch.Size([1024, 1024])"
"Layer 659: model.vision_tower.vision_tower.vision_model.encoder.layers.18.self_attn.v_proj.bias, Size: torch.Size([1024])"
"Layer 660: model.vision_tower.vision_tower.vision_model.encoder.layers.18.self_attn.q_proj.weight, Size: torch.Size([1024, 1024])"
"Layer 661: model.vision_tower.vision_tower.vision_model.encoder.layers.18.self_attn.q_proj.bias, Size: torch.Size([1024])"
"Layer 662: model.vision_tower.vision_tower.vision_model.encoder.layers.18.self_attn.out_proj.weight, Size: torch.Size([1024, 1024])"
"Layer 663: model.vision_tower.vision_tower.vision_model.encoder.layers.18.self_attn.out_proj.bias, Size: torch.Size([1024])"
"Layer 664: model.vision_tower.vision_tower.vision_model.encoder.layers.18.layer_norm1.weight, Size: torch.Size([1024])"
"Layer 665: model.vision_tower.vision_tower.vision_model.encoder.layers.18.layer_norm1.bias, Size: torch.Size([1024])"
"Layer 666: model.vision_tower.vision_tower.vision_model.encoder.layers.18.mlp.fc1.weight, Size: torch.Size([4096, 1024])"
"Layer 667: model.vision_tower.vision_tower.vision_model.encoder.layers.18.mlp.fc1.bias, Size: torch.Size([4096])"
"Layer 668: model.vision_tower.vision_tower.vision_model.encoder.layers.18.mlp.fc2.weight, Size: torch.Size([1024, 4096])"
"Layer 669: model.vision_tower.vision_tower.vision_model.encoder.layers.18.mlp.fc2.bias, Size: torch.Size([1024])"
"Layer 670: model.vision_tower.vision_tower.vision_model.encoder.layers.18.layer_norm2.weight, Size: torch.Size([1024])"
"Layer 671: model.vision_tower.vision_tower.vision_model.encoder.layers.18.layer_norm2.bias, Size: torch.Size([1024])"
"Layer 672: model.vision_tower.vision_tower.vision_model.encoder.layers.19.self_attn.k_proj.weight, Size: torch.Size([1024, 1024])"
"Layer 673: model.vision_tower.vision_tower.vision_model.encoder.layers.19.self_attn.k_proj.bias, Size: torch.Size([1024])"
"Layer 674: model.vision_tower.vision_tower.vision_model.encoder.layers.19.self_attn.v_proj.weight, Size: torch.Size([1024, 1024])"
"Layer 675: model.vision_tower.vision_tower.vision_model.encoder.layers.19.self_attn.v_proj.bias, Size: torch.Size([1024])"
"Layer 676: model.vision_tower.vision_tower.vision_model.encoder.layers.19.self_attn.q_proj.weight, Size: torch.Size([1024, 1024])"
"Layer 677: model.vision_tower.vision_tower.vision_model.encoder.layers.19.self_attn.q_proj.bias, Size: torch.Size([1024])"
"Layer 678: model.vision_tower.vision_tower.vision_model.encoder.layers.19.self_attn.out_proj.weight, Size: torch.Size([1024, 1024])"
"Layer 679: model.vision_tower.vision_tower.vision_model.encoder.layers.19.self_attn.out_proj.bias, Size: torch.Size([1024])"
"Layer 680: model.vision_tower.vision_tower.vision_model.encoder.layers.19.layer_norm1.weight, Size: torch.Size([1024])"
"Layer 681: model.vision_tower.vision_tower.vision_model.encoder.layers.19.layer_norm1.bias, Size: torch.Size([1024])"
"Layer 682: model.vision_tower.vision_tower.vision_model.encoder.layers.19.mlp.fc1.weight, Size: torch.Size([4096, 1024])"
"Layer 683: model.vision_tower.vision_tower.vision_model.encoder.layers.19.mlp.fc1.bias, Size: torch.Size([4096])"
"Layer 684: model.vision_tower.vision_tower.vision_model.encoder.layers.19.mlp.fc2.weight, Size: torch.Size([1024, 4096])"
"Layer 685: model.vision_tower.vision_tower.vision_model.encoder.layers.19.mlp.fc2.bias, Size: torch.Size([1024])"
"Layer 686: model.vision_tower.vision_tower.vision_model.encoder.layers.19.layer_norm2.weight, Size: torch.Size([1024])"
"Layer 687: model.vision_tower.vision_tower.vision_model.encoder.layers.19.layer_norm2.bias, Size: torch.Size([1024])"
"Layer 688: model.vision_tower.vision_tower.vision_model.encoder.layers.20.self_attn.k_proj.weight, Size: torch.Size([1024, 1024])"
"Layer 689: model.vision_tower.vision_tower.vision_model.encoder.layers.20.self_attn.k_proj.bias, Size: torch.Size([1024])"
"Layer 690: model.vision_tower.vision_tower.vision_model.encoder.layers.20.self_attn.v_proj.weight, Size: torch.Size([1024, 1024])"
"Layer 691: model.vision_tower.vision_tower.vision_model.encoder.layers.20.self_attn.v_proj.bias, Size: torch.Size([1024])"
"Layer 692: model.vision_tower.vision_tower.vision_model.encoder.layers.20.self_attn.q_proj.weight, Size: torch.Size([1024, 1024])"
"Layer 693: model.vision_tower.vision_tower.vision_model.encoder.layers.20.self_attn.q_proj.bias, Size: torch.Size([1024])"
"Layer 694: model.vision_tower.vision_tower.vision_model.encoder.layers.20.self_attn.out_proj.weight, Size: torch.Size([1024, 1024])"
"Layer 695: model.vision_tower.vision_tower.vision_model.encoder.layers.20.self_attn.out_proj.bias, Size: torch.Size([1024])"
"Layer 696: model.vision_tower.vision_tower.vision_model.encoder.layers.20.layer_norm1.weight, Size: torch.Size([1024])"
"Layer 697: model.vision_tower.vision_tower.vision_model.encoder.layers.20.layer_norm1.bias, Size: torch.Size([1024])"
"Layer 698: model.vision_tower.vision_tower.vision_model.encoder.layers.20.mlp.fc1.weight, Size: torch.Size([4096, 1024])"
"Layer 699: model.vision_tower.vision_tower.vision_model.encoder.layers.20.mlp.fc1.bias, Size: torch.Size([4096])"
"Layer 700: model.vision_tower.vision_tower.vision_model.encoder.layers.20.mlp.fc2.weight, Size: torch.Size([1024, 4096])"
"Layer 701: model.vision_tower.vision_tower.vision_model.encoder.layers.20.mlp.fc2.bias, Size: torch.Size([1024])"
"Layer 702: model.vision_tower.vision_tower.vision_model.encoder.layers.20.layer_norm2.weight, Size: torch.Size([1024])"
"Layer 703: model.vision_tower.vision_tower.vision_model.encoder.layers.20.layer_norm2.bias, Size: torch.Size([1024])"
"Layer 704: model.vision_tower.vision_tower.vision_model.encoder.layers.21.self_attn.k_proj.weight, Size: torch.Size([1024, 1024])"
"Layer 705: model.vision_tower.vision_tower.vision_model.encoder.layers.21.self_attn.k_proj.bias, Size: torch.Size([1024])"
"Layer 706: model.vision_tower.vision_tower.vision_model.encoder.layers.21.self_attn.v_proj.weight, Size: torch.Size([1024, 1024])"
"Layer 707: model.vision_tower.vision_tower.vision_model.encoder.layers.21.self_attn.v_proj.bias, Size: torch.Size([1024])"
"Layer 708: model.vision_tower.vision_tower.vision_model.encoder.layers.21.self_attn.q_proj.weight, Size: torch.Size([1024, 1024])"
"Layer 709: model.vision_tower.vision_tower.vision_model.encoder.layers.21.self_attn.q_proj.bias, Size: torch.Size([1024])"
"Layer 710: model.vision_tower.vision_tower.vision_model.encoder.layers.21.self_attn.out_proj.weight, Size: torch.Size([1024, 1024])"
"Layer 711: model.vision_tower.vision_tower.vision_model.encoder.layers.21.self_attn.out_proj.bias, Size: torch.Size([1024])"
"Layer 712: model.vision_tower.vision_tower.vision_model.encoder.layers.21.layer_norm1.weight, Size: torch.Size([1024])"
"Layer 713: model.vision_tower.vision_tower.vision_model.encoder.layers.21.layer_norm1.bias, Size: torch.Size([1024])"
"Layer 714: model.vision_tower.vision_tower.vision_model.encoder.layers.21.mlp.fc1.weight, Size: torch.Size([4096, 1024])"
"Layer 715: model.vision_tower.vision_tower.vision_model.encoder.layers.21.mlp.fc1.bias, Size: torch.Size([4096])"
"Layer 716: model.vision_tower.vision_tower.vision_model.encoder.layers.21.mlp.fc2.weight, Size: torch.Size([1024, 4096])"
"Layer 717: model.vision_tower.vision_tower.vision_model.encoder.layers.21.mlp.fc2.bias, Size: torch.Size([1024])"
"Layer 718: model.vision_tower.vision_tower.vision_model.encoder.layers.21.layer_norm2.weight, Size: torch.Size([1024])"
"Layer 719: model.vision_tower.vision_tower.vision_model.encoder.layers.21.layer_norm2.bias, Size: torch.Size([1024])"
"Layer 720: model.vision_tower.vision_tower.vision_model.encoder.layers.22.self_attn.k_proj.weight, Size: torch.Size([1024, 1024])"
"Layer 721: model.vision_tower.vision_tower.vision_model.encoder.layers.22.self_attn.k_proj.bias, Size: torch.Size([1024])"
"Layer 722: model.vision_tower.vision_tower.vision_model.encoder.layers.22.self_attn.v_proj.weight, Size: torch.Size([1024, 1024])"
"Layer 723: model.vision_tower.vision_tower.vision_model.encoder.layers.22.self_attn.v_proj.bias, Size: torch.Size([1024])"
"Layer 724: model.vision_tower.vision_tower.vision_model.encoder.layers.22.self_attn.q_proj.weight, Size: torch.Size([1024, 1024])"
"Layer 725: model.vision_tower.vision_tower.vision_model.encoder.layers.22.self_attn.q_proj.bias, Size: torch.Size([1024])"
"Layer 726: model.vision_tower.vision_tower.vision_model.encoder.layers.22.self_attn.out_proj.weight, Size: torch.Size([1024, 1024])"
"Layer 727: model.vision_tower.vision_tower.vision_model.encoder.layers.22.self_attn.out_proj.bias, Size: torch.Size([1024])"
"Layer 728: model.vision_tower.vision_tower.vision_model.encoder.layers.22.layer_norm1.weight, Size: torch.Size([1024])"
"Layer 729: model.vision_tower.vision_tower.vision_model.encoder.layers.22.layer_norm1.bias, Size: torch.Size([1024])"
"Layer 730: model.vision_tower.vision_tower.vision_model.encoder.layers.22.mlp.fc1.weight, Size: torch.Size([4096, 1024])"
"Layer 731: model.vision_tower.vision_tower.vision_model.encoder.layers.22.mlp.fc1.bias, Size: torch.Size([4096])"
"Layer 732: model.vision_tower.vision_tower.vision_model.encoder.layers.22.mlp.fc2.weight, Size: torch.Size([1024, 4096])"
"Layer 733: model.vision_tower.vision_tower.vision_model.encoder.layers.22.mlp.fc2.bias, Size: torch.Size([1024])"
"Layer 734: model.vision_tower.vision_tower.vision_model.encoder.layers.22.layer_norm2.weight, Size: torch.Size([1024])"
"Layer 735: model.vision_tower.vision_tower.vision_model.encoder.layers.22.layer_norm2.bias, Size: torch.Size([1024])"
"Layer 736: model.vision_tower.vision_tower.vision_model.encoder.layers.23.self_attn.k_proj.weight, Size: torch.Size([1024, 1024])"
"Layer 737: model.vision_tower.vision_tower.vision_model.encoder.layers.23.self_attn.k_proj.bias, Size: torch.Size([1024])"
"Layer 738: model.vision_tower.vision_tower.vision_model.encoder.layers.23.self_attn.v_proj.weight, Size: torch.Size([1024, 1024])"
"Layer 739: model.vision_tower.vision_tower.vision_model.encoder.layers.23.self_attn.v_proj.bias, Size: torch.Size([1024])"
"Layer 740: model.vision_tower.vision_tower.vision_model.encoder.layers.23.self_attn.q_proj.weight, Size: torch.Size([1024, 1024])"
"Layer 741: model.vision_tower.vision_tower.vision_model.encoder.layers.23.self_attn.q_proj.bias, Size: torch.Size([1024])"
"Layer 742: model.vision_tower.vision_tower.vision_model.encoder.layers.23.self_attn.out_proj.weight, Size: torch.Size([1024, 1024])"
"Layer 743: model.vision_tower.vision_tower.vision_model.encoder.layers.23.self_attn.out_proj.bias, Size: torch.Size([1024])"
"Layer 744: model.vision_tower.vision_tower.vision_model.encoder.layers.23.layer_norm1.weight, Size: torch.Size([1024])"
"Layer 745: model.vision_tower.vision_tower.vision_model.encoder.layers.23.layer_norm1.bias, Size: torch.Size([1024])"
"Layer 746: model.vision_tower.vision_tower.vision_model.encoder.layers.23.mlp.fc1.weight, Size: torch.Size([4096, 1024])"
"Layer 747: model.vision_tower.vision_tower.vision_model.encoder.layers.23.mlp.fc1.bias, Size: torch.Size([4096])"
"Layer 748: model.vision_tower.vision_tower.vision_model.encoder.layers.23.mlp.fc2.weight, Size: torch.Size([1024, 4096])"
"Layer 749: model.vision_tower.vision_tower.vision_model.encoder.layers.23.mlp.fc2.bias, Size: torch.Size([1024])"
"Layer 750: model.vision_tower.vision_tower.vision_model.encoder.layers.23.layer_norm2.weight, Size: torch.Size([1024])"
"Layer 751: model.vision_tower.vision_tower.vision_model.encoder.layers.23.layer_norm2.bias, Size: torch.Size([1024])"
"Layer 752: model.vision_tower.vision_tower.vision_model.post_layernorm.weight, Size: torch.Size([1024])"
"Layer 753: model.vision_tower.vision_tower.vision_model.post_layernorm.bias, Size: torch.Size([1024])"
"Layer 754: model.mm_projector.0.weight, Size: torch.Size([5120, 1024])"
"Layer 755: model.mm_projector.0.bias, Size: torch.Size([5120])"
"Layer 756: model.mm_projector.2.weight, Size: torch.Size([5120, 5120])"
"Layer 757: model.mm_projector.2.bias, Size: torch.Size([5120])"
"Layer 758: lm_head.weight, Size: torch.Size([32000, 5120])"
